,n_procs,turnaround,cpu_util,throughput,response_time,waiting_time,runtime,mean_runtime,scheduler
0,100000,0.7405108649637835,0.3333322222259259,2.14027,4.55241,150180.28849,1.0017828941345215,1.0017828941345215e-05,rr
1,100000,0.7405108649637835,0.3333322222259259,2.17846,4.54762,150180.25509,164.01919865608215,0.0016401919865608216,ml_prio
