,n_procs,CPU_util,throughput,turnaround,response,waiting,runtime,mean_runtime,scheduler
1,100000,0.7405108649637835,0.3333322222259259,2.14027,4.55241,150180.28849,0.29304075241088867,2.9304075241088866e-06,rr
4,100000,0.7405108649637835,0.3333322222259259,1.22163,5.89483,150179.86471,8.649295568466187,8.649295568466187e-05,ml_prio
