,n_procs,CPU_util,throughput,turnaround,response,waiting,runtime,mean_runtime,scheduler
0,100000,0.7405108649637835,0.3333322222259259,1.22154,5.89491,150179.86472,0.6686849594116211,6.686849594116211e-06,fifo
1,100000,0.7405108649637835,0.3333322222259259,2.14027,4.55241,150180.28849,0.5352787971496582,5.352787971496582e-06,rr
2,100000,0.7405108649637835,0.3333322222259259,1.57855,5.40851,150179.99411,35.041104316711426,0.00035041104316711427,mlq
3,100000,0.7405108649637835,0.3333322222259259,2.98609,3.47267,150180.52241,3.7917211055755615,3.791721105575561e-05,cfs
4,100000,0.7405108649637835,0.3333322222259259,2.17846,4.54762,150180.25509,97.48603463172913,0.0009748603463172913,ml_prio
