,n_procs,turnaround,cpu_util,throughput,response_time,waiting_time,runtime,mean_runtime,scheduler
0,10,1.5,0.6756756756756757,0.2702702702702703,2.2,13.6,0.0,0.0,rr
1,10,1.5,0.6756756756756757,0.2702702702702703,2.2,13.6,0.07406330108642578,0.0074063301086425785,ml_prio
2,100,1.96,0.7631578947368421,0.32894736842105265,3.04,140.58,0.0,0.0,rr
3,100,2.23,0.7631578947368421,0.32894736842105265,4.34,139.01,0.03412747383117676,0.0003412747383117676,ml_prio
4,1000,2.056,0.7388258839226151,0.333555703802535,4.264,1484.705,0.003019094467163086,3.019094467163086e-06,rr
5,1000,1.993,0.7388258839226151,0.333555703802535,3.882,1485.15,0.37577009201049805,0.00037577009201049806,ml_prio
6,10000,2.041,0.7361615623021295,0.3332555736994701,4.1716,14906.9359,0.0258026123046875,2.58026123046875e-06,rr
7,10000,2.1308,0.7361615623021295,0.3332555736994701,4.1853,14906.8324,10.366539239883423,0.0010366539239883422,ml_prio
