,distribution,turnaround,cpu_util,throughput,response_time,waiting_time,runtime,mean_runtime,scheduler
0,n,0.6756756756756757,0.2702702702702703,1.5,2.2,13.6,0.0,0.0,rr
1,n,0.6756756756756757,0.2702702702702703,1.5,2.2,13.6,0.0514521598815918,0.005145215988159179,ml_prio
2,u,0.7631578947368421,0.32894736842105265,1.96,3.04,140.58,0.001004934310913086,1.0049343109130859e-05,rr
3,u,0.7631578947368421,0.32894736842105265,2.23,4.34,139.01,0.14464688301086426,0.0014464688301086426,ml_prio
4,f,0.7388258839226151,0.333555703802535,2.056,4.264,1484.705,0.014814615249633789,1.481461524963379e-05,rr
5,f,0.7388258839226151,0.333555703802535,1.993,3.882,1485.15,0.8869342803955078,0.0008869342803955078,ml_prio
6,cs,0.7361615623021295,0.3332555736994701,2.041,4.1716,14906.9359,0.06872153282165527,6.872153282165527e-06,rr
7,cs,0.7361615623021295,0.3332555736994701,2.1308,4.1853,14906.8324,14.12044644355774,0.001412044644355774,ml_prio
