,max_instructions,turnaround,cpu_util,throughput,response_time,waiting_time,runtime,mean_runtime,scheduler
0,2,0.6756756756756757,0.2702702702702703,1.5,2.2,13.6,0.0010066032409667969,0.00010066032409667968,rr
1,2,0.6756756756756757,0.2702702702702703,1.5,2.2,13.6,0.012624979019165039,0.001262497901916504,ml_prio
2,20,0.7631578947368421,0.32894736842105265,1.96,3.04,140.58,0.0010256767272949219,1.025676727294922e-05,rr
3,20,0.7631578947368421,0.32894736842105265,2.23,4.34,139.01,0.06105804443359375,0.0006105804443359375,ml_prio
4,200,0.7388258839226151,0.333555703802535,2.056,4.264,1484.705,0.005986452102661133,5.986452102661133e-06,rr
5,200,0.7388258839226151,0.333555703802535,1.993,3.882,1485.15,0.7984049320220947,0.0007984049320220948,ml_prio
6,2000,0.7361615623021295,0.3332555736994701,2.041,4.1716,14906.9359,0.06934642791748047,6.9346427917480465e-06,rr
7,2000,0.7361615623021295,0.3332555736994701,2.1308,4.1853,14906.8324,15.060023307800293,0.0015060023307800292,ml_prio
